"Sample","Time","Weight","Hour","meanSubAbs","seSubAbs","meanAbs","seAbs","PIse","PI_g","PIse2","PIse1","PI","Range","Genotype","Site"
"W0076",0,0.0185,"0hr",0.222633333333333,0.0555363644630955,0.1891,0.0446578473880385,68.743947455005,-958.547124596834,0.0717168156796869,0.00404422957605232,-17.7331218050414,"Invasive","ARC29","ARC"
"W0076",4,0.0185,"4hr",0.1811,0.00105039675043926,0.235233333333333,0.015738311359369,14.8001047067923,1243.92495088258,0.0118979080661509,0.000517016854820364,23.0126115913277,"Invasive","ARC29","ARC"
"W0076",24,0.0185,"24hr",0.0554,0.000781024967590666,0.0392666666666667,0.00335675107474144,111.541403078113,-2220.89661818015,0.0502235908529198,0.00122238409142024,-41.0865874363328,"Invasive","ARC29","ARC"
"W0077",0,0.0173,"0hr",0.178666666666667,0.0205282190600592,0.1891,0.0446578473880385,4.36624295732408,318.922713716429,0.0136905989117048,0.00248136637783071,5.51736294729421,"Native","DEB30","DEB"
"W0077",4,0.0173,"4hr",0.195233333333333,0.00471442231644321,0.235233333333333,0.015738311359369,9.86690231918487,982.912878697902,0.0100384301935853,0.000590343348967762,17.0043928014737,"Native","DEB30","DEB"
"W0077",24,0.0173,"24hr",0.0649,0.0061430177166167,0.0392666666666667,0.00335675107474144,519.269171030188,-3773.41825568957,0.137612407595483,0.00210802881856279,-65.2801358234295,"Native","DEB30","DEB"
"W0078",0,0.0182,"0hr",0.156866666666667,0.0178269770603743,0.1891,0.0446578473880385,34.7081024269619,936.574442655881,0.0370585624016589,0.00217407677874468,17.045654856337,"Native","PI404795","Uru"
"W0078",4,0.0182,"4hr",0.1777,0.00260064094663861,0.235233333333333,0.015738311359369,17.0046235519114,1343.84532854137,0.0126537058921568,0.000517365020167734,24.457984979453,"Native","PI404795","Uru"
"W0078",24,0.0182,"24hr",0.0594666666666667,0.00281503897742899,0.0392666666666667,0.00335675107474144,215.182140178584,-2826.545271367,0.0761290266101116,0.00147986787700844,-51.4431239388795,"Native","PI404795","Uru"
"W0079",0,0.0295,"0hr",0.1513,0.00428291178210961,0.1891,0.0446578473880385,25.7768528282275,677.607579166257,0.0380409747776787,0.00190305511387805,19.9894235854046,"Native","LDSc3-11","LDS"
"W0079",4,0.0295,"4hr",0.193366666666667,0.0221863571693157,0.235233333333333,0.015738311359369,11.7235861149166,603.319699396921,0.0194317973151474,0.00109180090488053,17.7979311322092,"Native","LDSc3-11","LDS"
"W0079",24,0.0295,"24hr",0.0468666666666667,0.00669759492487996,0.0392666666666667,0.00335675107474144,25.239174339567,-656.096227446692,0.0384687082225567,0.0019875499248321,-19.3548387096774,"Native","LDSc3-11","LDS"
"W0080",0,0.014,"0hr",0.170133333333333,0.0169729523392694,0.1891,0.0446578473880385,16.5741464146003,716.426179144319,0.0231344790253143,0.00230653601951859,10.0299665080205,"Native","NARc3-04","NAR"
"W0080",4,0.014,"4hr",0.1921,0.000929157324317755,0.235233333333333,0.015738311359369,13.1558830502366,1309.74311220875,0.0100446285440284,0.000547797091462197,18.3364035709225,"Native","NARc3-04","NAR"
"W0080",24,0.014,"24hr",0.0568333333333333,0.00118930418499408,0.0392666666666667,0.00335675107474144,182.101636846392,-3195.48872180451,0.0569871004719297,0.00127382930466666,-44.7368421052632,"Native","NARc3-04","NAR"
"W0081",0,0.0231,"0hr",0.188433333333333,0.03840791295785,0.1891,0.0446578473880385,0.016725668150193,15.2617815230194,0.00109591846305529,0.00310857272045623,0.352547153181748,"Native","W65316","Leb"
"W0081",4,0.0231,"4hr",0.1843,0.00250066657780147,0.235233333333333,0.015738311359369,10.855064143144,937.327279965795,0.0115808686839245,0.000534857266377326,21.6522601672099,"Native","W65316","Leb"
"W0081",24,0.0231,"24hr",0.0632333333333333,0.00156027063179579,0.0392666666666667,0.00335675107474144,231.073169320042,-2642.23608875561,0.087453642126608,0.00143282879589909,-61.0356536502547,"Native","W65316","Leb"
"W0082",0,0.0147,"0hr",0.165266666666667,0.0121969030677646,0.1891,0.0446578473880385,23.3670059100162,857.385083418173,0.0272538050427212,0.00216238931478821,12.6035607262471,"Native","SAN28-02","SAN"
"W0082",4,0.0147,"4hr",0.197433333333333,0.00252608612503833,0.235233333333333,0.015738311359369,10.0426644413525,1093.1395372376,0.00918699223589575,0.000571716086496617,16.0691511973926,"Native","SAN28-02","SAN"
"W0082",24,0.0147,"24hr",0.0562333333333333,0.00117945373419694,0.0392666666666667,0.00335675107474144,160.098066245656,-2939.37608999457,0.0544666831817195,0.00126054524141583,-43.2088285229202,"Native","SAN28-02","SAN"
"W0083",0,0.0523,"0hr",0.152566666666667,0.0270741163803692,0.1891,0.0446578473880385,17.0089057504441,369.399311555626,0.0460447684074333,0.00238332090488476,19.3195839943592,"Native","MUSs2-04","MUS"
"W0083",4,0.0523,"4hr",0.189333333333333,0.00128105859003837,0.235233333333333,0.015738311359369,3.94024310060777,373.088733072487,0.010561142032242,0.000541248942059055,19.5125407396911,"Native","MUSs2-04","MUS"
"W0083",24,0.0523,"24hr",0.0553666666666667,0.00112595638360363,0.0392666666666667,0.00335675107474144,39.8267734912097,-783.971277110311,0.0508013171579572,0.0012390052093597,-41.0016977928693,"Native","MUSs2-04","MUS"
"W0084",0,0.0232,"0hr",0.162666666666667,0.0289199085598677,0.1891,0.0446578473880385,21.4163098029616,602.521319985169,0.0355444846391307,0.00254279774726089,13.9784946236559,"Native","CDCc2-06-01","CDC"
"W0084",4,0.0232,"4hr",0.188933333333333,0.00422308470723054,0.235233333333333,0.015738311359369,9.46068387518289,848.387270159733,0.0111513741518088,0.000566560456366557,19.6825846677058,"Native","CDCc2-06-01","CDC"
"W0084",24,0.0232,"24hr",0.0637333333333333,0.00225191276720727,0.0392666666666667,0.00335675107474144,251.246086267757,-2685.73268543996,0.093548433777429,0.00150136314700015,-62.3089983022072,"Native","CDCc2-06-01","CDC"
"W0085",0,0.0428,"0hr",0.1943,0.0586684753509072,0.1891,0.0446578473880385,0.695884462885285,-64.2492475424659,0.010831013428217,0.00393873969091508,-2.74986779481754,"Native","HIG12-03","HIG"
"W0085",4,0.0428,"4hr",0.191033333333333,0.00177043622998527,0.235233333333333,0.015738311359369,4.52480325296655,439.015281439917,0.010306710140307,0.000548525290046356,18.7898540456285,"Native","HIG12-03","HIG"
"W0085",24,0.0428,"24hr",0.0704333333333333,0.012918505245491,0.0392666666666667,0.00335675107474144,534.273502421216,-1854.48169715818,0.288098557801859,0.00362973370150364,-79.3718166383701,"Native","HIG12-03","HIG"
"W0113",0,0.0175,"0hr",0.1499,0.0278284626476802,0.1891,0.0446578473880385,58.4725070675062,1184.55843469064,0.0493622816360063,0.00238122639218592,20.7297726070862,"Native","SAN31-02","SAN"
"W0113",4,0.0175,"4hr",0.1955,0.00645832795698701,0.235233333333333,0.015738311359369,10.1101157148817,965.20172473127,0.0104746142239815,0.000620128796800652,16.8910301827972,"Native","SAN31-02","SAN"
"W0113",24,0.0175,"24hr",0.0608,0.00320364375880549,0.0392666666666667,0.00335675107474144,267.200862942837,-3133.64055299539,0.0852685106744052,0.00155489637112151,-54.8387096774194,"Native","SAN31-02","SAN"
"W0114",0,0.0239,"0hr",0.167833333333333,0.0228520118248798,0.1891,0.0446578473880385,12.8035531354327,470.554568472697,0.0272094970345095,0.00241942753411869,11.2462541864975,"Native","W65327","Fra_cor"
"W0114",4,0.0239,"4hr",0.214133333333333,0.00133208274684587,0.235233333333333,0.015738311359369,2.05912723809451,375.306159112024,0.00548652663459191,0.000611665378519986,8.96981720277737,"Native","W65327","Fra_cor"
"W0114",24,0.0239,"24hr",-0.0017,0.0636031707804991,0.0392666666666667,0.00335675107474144,7376.85333050246,4365.24568270453,1.68990564717358,0.0161977937540315,104.329371816638,"Native","W65327","Fra_cor"
"W0115",0,0.0223,"0hr",0.210166666666667,0.0680912704471807,0.1891,0.0446578473880385,24.7991508937937,-499.573544418965,0.0496406408442557,0.00445587587831429,-11.1404900405429,"Native","MUSs2-09","MUS"
"W0115",4,0.0223,"4hr",0.225166666666667,0.0621169953483836,0.235233333333333,0.015738311359369,2.23146922355372,191.903087669845,0.0116281048452581,0.00271720317526444,4.27943885503755,"Native","MUSs2-09","MUS"
"W0115",24,0.0223,"24hr",0.0530333333333333,0.00143449565275667,0.0392666666666667,0.00335675107474144,66.7489141926703,-1572.17142378585,0.0424565115373592,0.00121098718138036,-35.0594227504245,"Native","MUSs2-09","MUS"
"W0116",0,0.0085,"0hr",0.151833333333333,0.020872017418331,0.1891,0.0446578473880385,100.249846386359,2318.51598386579,0.0432387989058448,0.00219404030583951,19.7073858628592,"Native","NARc3-08","NAR"
"W0116",4,0.0085,"4hr",0.1723,0.0141520316562676,0.235233333333333,0.015738311359369,65.3398693345192,3147.47976560611,0.0207594247462737,0.000775949472640113,26.753578007652,"Native","NARc3-08","NAR"
"W0116",24,0.0085,"24hr",-0.0725,0.131250917457111,0.0392666666666667,0.00335675107474144,318947.765110446,33486.4675921302,9.52467632583029,0.033462775758509,284.634974533107,"Native","NARc3-08","NAR"
"W0117",0,0.0109,"0hr",0.2007,0.0419267615412082,0.1891,0.0446578473880385,11.5526422263543,-562.781694069928,0.0205277505435683,0.00334637726533516,-6.13432046536222,"Native","HIG16-01","HIG"
"W0117",4,0.0109,"4hr",0.163233333333333,0.001946221410266,0.235233333333333,0.015738311359369,40.5320783516393,2808.06486629841,0.014434167400509,0.000471582959932371,30.6079070426527,"Native","HIG16-01","HIG"
"W0117",24,0.0109,"24hr",0.0685333333333333,0.0155761926598825,0.0392666666666667,0.00335675107474144,2159.94110017857,-6837.89972118814,0.31587785551837,0.00423808785649931,-74.5331069609508,"Native","HIG16-01","HIG"
"W0118",0,0.0247,"0hr",0.168333333333333,0.0388374532864576,0.1891,0.0446578473880385,14.3499245813974,444.60906160369,0.0322753758765908,0.00293897604089726,10.9818438216111,"Native","CDCc2-13","CDC"
"W0118",4,0.0247,"4hr",0.166433333333333,0.00389115806812202,0.235233333333333,0.015738311359369,17.3660494372078,1184.11156350343,0.0146658895770149,0.000501439838880786,29.2475556185348,"Native","CDCc2-13","CDC"
"W0118",24,0.0247,"24hr",0.0538666666666667,0.000968389269755597,0.0392666666666667,0.00335675107474144,67.0731855103031,-1505.33051971708,0.0445571152858239,0.0011983625983265,-37.1816638370119,"Native","CDCc2-13","CDC"
"W0119",0,0.0266,"0hr",0.157533333333333,0.00624295158113888,0.1891,0.0446578473880385,20.8982614054855,627.560439968245,0.0333007947514074,0.00199488287882507,16.6931077031553,"Native","PI478440","Bol"
"W0119",4,0.0266,"4hr",0.1681,0.00115902257671425,0.235233333333333,0.015738311359369,14.7169953979111,1072.89621247394,0.0137170727483285,0.000480642415019635,28.5390392518067,"Native","PI478440","Bol"
"W0119",24,0.0266,"24hr",0.0620666666666667,0.0115645050814022,0.0392666666666667,0.00335675107474144,410.700727020608,-2182.87654620422,0.188146566389552,0.00324030197670895,-58.0645161290323,"Native","PI478440","Bol"
"W0120",0,0.0309,"0hr",0.1593,0.0264076377840452,0.1891,0.0446578473880385,19.5349867809366,509.995396350281,0.0383042414122487,0.00243064833928061,15.7588577472237,"Native","MUSs2-01","MUS"
"W0120",4,0.0309,"4hr",0.163133333333333,0.00308184648835366,0.235233333333333,0.015738311359369,14.6580057982139,991.9229134193,0.0147773638454279,0.000482126013209361,30.6504180246564,"Native","MUSs2-01","MUS"
"W0120",24,0.0309,"24hr",0.0626666666666667,0.00076883750631139,0.0392666666666667,0.00335675107474144,158.401753589811,-1928.56083208334,0.0821346938891714,0.00137827164389521,-59.5925297113752,"Native","MUSs2-01","MUS"
"W0121",0,0.0562,"0hr",0.144866666666667,0.0115773245805948,0.1891,0.0446578473880385,18.5954354546266,416.218925509045,0.0446770541053219,0.00190996931378667,23.3915036136083,"Native","DEB28-02","DEB"
"W0121",4,0.0562,"4hr",0.167133333333333,0.00716689922103307,0.235233333333333,0.015738311359369,8.42004798479138,515.124176948559,0.0163456664656457,0.000564617563622425,28.949978744509,"Native","DEB28-02","DEB"
"W0121",24,0.0562,"24hr",0.0562,0.000709459888459756,0.0392666666666667,0.00335675107474144,40.9253415812415,-767.329873299942,0.0533347429903126,0.00123677809532654,-43.1239388794567,"Native","DEB28-02","DEB"
"W0122",0,0.0324,"0hr",0.162766666666667,0.012520161518305,0.1891,0.0446578473880385,12.7955550443898,429.802856502428,0.0297707538486718,0.00213784160232297,13.9256125506787,"Native","LIS20","LIS"
"W0122",4,0.0324,"4hr",0.167433333333333,0.00144491445344621,0.235233333333333,0.015738311359369,12.3112455939086,889.581660447467,0.013839365334618,0.000480159297769909,28.8224457984979,"Native","LIS20","LIS"
"W0122",24,0.0324,"24hr",0.0647,0.00079372539331938,0.0392666666666667,0.00335675107474144,184.253330571628,-1999.09870255088,0.0921682007679351,0.00142299004593221,-64.7707979626486,"Native","LIS20","LIS"
"W0123",0,0.0263,"0hr",0.150733333333333,0.0147517607235355,0.1891,0.0446578473880385,31.8939200670514,771.448238236085,0.041342916460574,0.00203769213797425,20.289088665609,"Native","HIG11-02","HIG"
"W0123",4,0.0263,"4hr",0.170066666666667,0.00672218549117604,0.235233333333333,0.015738311359369,16.3941202987405,1053.3456250596,0.0155638566380459,0.000561811438847519,27.7029899390676,"Native","HIG11-02","HIG"
"W0123",24,0.0263,"24hr",0.0676333333333333,0.00228497507888185,0.0392666666666667,0.00335675107474144,314.165949276778,-2746.80937594815,0.114374864170665,0.00158323842530015,-72.2410865874364,"Native","HIG11-02","HIG"
"W0124",0,0.0234,"0hr",0.1549,0.00979404581025296,0.1891,0.0446578473880385,27.9931886128162,772.891835821503,0.0362187660878348,0.00200262241731274,18.0856689582232,"Native","NARc3-02","NAR"
"W0124",4,0.0234,"4hr",0.209,0.0401183249899594,0.235233333333333,0.015738311359369,9.59918124887678,476.583231294865,0.0201416680624621,0.00180609595319943,11.1520476122998,"Native","NARc3-02","NAR"
"W0124",24,0.0234,"24hr",0.058,0.00443771713083803,0.0392666666666667,0.00335675107474144,164.828049887138,-2038.80254814041,0.0808455188745362,0.00169459112516377,-47.7079796264856,"Native","NARc3-02","NAR"
"W0127",0,0.0214,"0hr",0.177433333333333,0.00165764223455419,0.1891,0.0446578473880385,3.94444808787254,288.297905639272,0.0136818478758148,0.00221763208569992,6.16957518068043,"Native","LDSc3-07","LDS"
"W0127",4,0.0214,"4hr",0.160766666666667,0.00524796256761718,0.235233333333333,0.015738311359369,23.8252846198953,1479.27622735562,0.0161060417110101,0.000508775006063557,31.6565112654102,"Native","LDSc3-07","LDS"
"W0127",24,0.0214,"24hr",0.0592333333333333,0.0022191089302791,0.0392666666666667,0.00335675107474144,170.112178689463,-2376.11665582406,0.0715925197832791,0.00140794638238235,-50.848896434635,"Native","LDSc3-07","LDS"
"W0128",0,0.0456,"0hr",0.17,0.0124285960590889,0.1891,0.0446578473880385,4.97227898884241,221.501665321421,0.0224480433662977,0.00222247382228633,10.1004759386568,"Native","SAN20-05","SAN"
"W0128",4,0.0456,"4hr",0.170633333333333,0.00298011931155635,0.235233333333333,0.015738311359369,8.29547849991612,602.238911718861,0.013774398064449,0.000501578571418041,27.46209437438,"Native","SAN20-05","SAN"
"W0128",24,0.0456,"24hr",0.0515,0.0109024462086879,0.0392666666666667,0.00335675107474144,63.7350505743783,-683.212700682095,0.093287274242337,0.00299434357104831,-31.1544991511036,"Native","SAN20-05","SAN"
"W0130",0,0.0258,"0hr",0.1629,0.0256415678147807,0.1891,0.0446578473880385,18.1910555798846,537.019500776834,0.0338741061610798,0.00244488300574816,13.8551031200423,"Invasive","ARC26","ARC"
"W0130",4,0.0258,"4hr",0.169133333333333,0.00300462606288666,0.235233333333333,0.015738311359369,15.2324207037738,1089.13794978431,0.0139857588350404,0.000497718104381646,28.0997591044353,"Invasive","ARC26","ARC"
"W0130",24,0.0258,"24hr",0.0633,0.00545374489074557,0.0392666666666667,0.00335675107474144,284.089157279038,-2372.30360221634,0.119752445266122,0.00195656561058935,-61.2054329371817,"Invasive","ARC26","ARC"
"W0132",0,0.0376,"0hr",0.1747,0.0173588594095349,0.1891,0.0446578473880385,3.65052450516657,202.52708799802,0.0180248703580938,0.00236701596160801,7.61501850872556,"Native","CDCc2-04","CDC"
"W0132",4,0.0376,"4hr",0.1643,0.0021221058723196,0.235233333333333,0.015738311359369,11.5095596050711,801.980227870923,0.0143514256400391,0.000475930501605995,30.1544565679467,"Native","CDCc2-04","CDC"
"W0132",24,0.0376,"24hr",0.137633333333333,0.0624760309594363,0.0392666666666667,0.00335675107474144,27021.9871323208,-6662.48238991439,4.05584368571487,0.016190389229997,-250.509337860781,"Native","CDCc2-04","CDC"
"W0134",0,0.043,"0hr",0.180666666666667,0.0181374688911595,0.1891,0.0446578473880385,1.13399619840572,103.714453203465,0.0109338299858851,0.00245168448655834,4.45972148774899,"Native","NARc2-01","NAR"
"W0134",4,0.043,"4hr",0.188333333333333,0.00180954260641866,0.235233333333333,0.015738311359369,5.00264759279138,463.666292086696,0.0107893277518133,0.000541153418227056,19.9376505597279,"Native","NARc2-01","NAR"
"W0134",24,0.043,"24hr",0.0686666666666667,0.00575335650825769,0.0392666666666667,0.00335675107474144,272.894032122288,-1741.22477987918,0.156725332234948,0.00209322495887493,-74.8726655348048,"Native","NARc2-01","NAR"
"W0135",0,0.0274,"0hr",0.149666666666667,0.00629320621340541,0.1891,0.0446578473880385,30.1307697041168,761.064383602183,0.0395903032033969,0.0018985273886126,20.8531641106998,"Native","HUE19","HUE"
"W0135",4,0.0274,"4hr",0.204333333333333,0.0015452435981999,0.235233333333333,0.015738311359369,3.68319753480669,479.412169311621,0.00768273684019187,0.000584865953411371,13.1358934391384,"Native","HUE19","HUE"
"W0135",24,0.0274,"24hr",0.0444333333333333,0.0223690510403201,0.0392666666666667,0.00335675107474144,36.5105641107284,-480.2151363811,0.0760295987041806,0.00577824950151771,-13.1578947368421,"Native","HUE19","HUE"
"W0137",0,0.0302,"0hr",0.168466666666667,0.0129120529394481,0.1891,0.0446578473880385,8.72013851206009,361.302463277311,0.0241352866320402,0.00221194638228698,10.9113343909748,"Native","FUSF5","FUS"
"W0137",4,0.0302,"4hr",0.2123,0.00295465734053883,0.235233333333333,0.015738311359369,1.94105858195351,322.820702191333,0.00601280701261549,0.000616749696046912,9.74918520617827,"Native","FUSF5","FUS"
"W0137",24,0.0302,"24hr",0.0778,0.00406324993078201,0.0392666666666667,0.00335675107474144,632.911984950571,-3249.41814052328,0.194777020863387,0.00198483849980164,-98.132427843803,"Native","FUSF5","FUS"
"W0138",0,0.0204,"0hr",0.166133333333333,0.00209867683182629,0.1891,0.0446578473880385,15.023622216967,595.355364074063,0.0252347137920438,0.00207774356084564,12.1452494271109,"Native","LDSc3-04","LDS"
"W0138",4,0.0204,"4hr",0.215666666666667,0.00160242871222958,0.235233333333333,0.015738311359369,2.09320110728766,407.744222813116,0.00513361315789152,0.000617170494978543,8.31798214538756,"Native","LDSc3-04","LDS"
"W0138",24,0.0204,"24hr",0.0644,0.00182482875908946,0.0392666666666667,0.00335675107474144,296.630011923487,-3137.58780252338,0.0945407843837627,0.00147704302392669,-64.006791171477,"Native","LDSc3-04","LDS"
"W0140",0,0.0544,"0hr",0.154433333333333,0.0266583528706816,0.1891,0.0446578473880385,14.7587928483786,336.993602306073,0.0437954689566302,0.00238895860952849,18.3324519654504,"Native","HIG10-02","HIG"
"W0140",4,0.0544,"4hr",0.207533333333333,0.0015430849332137,0.235233333333333,0.015738311359369,1.51382836412961,216.46216939376,0.00699350084298493,0.000593900546918709,11.7755420150205,"Native","HIG10-02","HIG"
"W0140",24,0.0544,"24hr",0.0760333333333333,0.00564987708814193,0.0392666666666667,0.00335675107474144,353.46531051167,-1721.1999400779,0.205359820367919,0.00219323543421041,-93.6332767402377,"Native","HIG10-02","HIG"
"W0142",0,8e-04,"0hr",0.165766666666667,0.00601230220279868,0.1891,0.0446578473880385,398.616123609443,15423.937951701,0.0258439916484156,0.00209447092316374,12.3391503613608,"Native","CAM20","CAM"
"W0142",4,8e-04,"4hr",0.213733333333333,0.0076544830727562,0.235233333333333,0.015738311359369,71.9998636815503,11424.8264134901,0.00630205318450481,0.000689513012760473,9.13986113079211,"Native","CAM20","CAM"
"W0142",24,8e-04,"24hr",0.0546333333333333,0.00728956636417954,0.0392666666666667,0.00335675107474144,4220.69425401478,-48917.6570458404,0.0862816109540896,0.00220476654455353,-39.1341256366723,"Native","CAM20","CAM"
"W0143",0,0.0153,"0hr",0.1723,0.0284063373210979,0.1891,0.0446578473880385,13.5379131678357,580.665899358157,0.0233144622110579,0.00262426476435181,8.8841882601798,"Native","PI368951","Chile3"
"W0143",4,0.0153,"4hr",0.196133333333333,0.00481675317108019,0.235233333333333,0.015738311359369,10.73059530469,1086.39176231638,0.00987727970415621,0.00059423668262771,16.6217939634406,"Native","PI368951","Chile3"
"W0143",24,0.0153,"24hr",0.0569,0.00615169353376234,0.0392666666666667,0.00335675107474144,263.2416610896,-2935.0732936072,0.0896882751319905,0.00199721716645529,-44.9066213921901,"Native","PI368951","Chile3"
"W0144",0,0.0061,"0hr",0.132566666666667,0.00113480296870327,0.1891,0.0446578473880385,242.733924910615,4900.98337537892,0.0495275960596067,0.00165666304508343,29.8959985898114,"Native","AZN19","AZN"
"W0144",4,0.0061,"4hr",0.2078,0.00227449628123094,0.235233333333333,0.015738311359369,13.3527585439254,1911.83268792525,0.00698427149418396,0.000598882186323891,11.662179396344,"Native","AZN19","AZN"
"W0144",24,0.0061,"24hr",0.0759333333333333,0.0364807864193986,0.0392666666666667,0.00335675107474144,13488.8103827278,-15307.9684934176,0.881162669529141,0.0094364511336848,-93.3786078098472,"Native","AZN19","AZN"
"W0145",0,0.02,"0hr",0.220533333333333,0.0180593773732959,0.1891,0.0446578473880385,40.272824808937,-831.129913625946,0.0484555111646024,0.00291503833336998,-16.6225982725189,"Native","SAN20-03","SAN"
"W0145",4,0.02,"4hr",0.207133333333333,0.00592011636522271,0.235233333333333,0.015738311359369,4.57082171036406,597.279297151764,0.00765273755872816,0.000640633083652962,11.9455859430353,"Native","SAN20-03","SAN"
"W0145",24,0.02,"24hr",0.0605333333333333,0.00307155407643174,0.0392666666666667,0.00335675107474144,224.763675760908,-2707.97962648557,0.0830005047167238,0.00153251715605487,-54.1595925297114,"Native","SAN20-03","SAN"
"W0146",0,0.019,"0hr",0.223733333333333,0.0178950024060102,0.1891,0.0446578473880385,52.0808059739647,-963.938137252173,0.0540291995526057,0.00295002549626499,-18.3148246077913,"Invasive","ARC25-01","ARC"
"W0146",4,0.019,"4hr",0.211633333333333,0.00320433733832408,0.235233333333333,0.015738311359369,3.26936006747958,528.031144887867,0.00619160460350092,0.000617149063374379,10.0325917528695,"Invasive","ARC25-01","ARC"
"W0146",24,0.019,"24hr",0.0728,0.00709459888459759,0.0392666666666667,0.00335675107474144,922.525552770218,-4494.6832275936,0.205248180140189,0.00240340314319227,-85.3989813242785,"Invasive","ARC25-01","ARC"
"W0148",0,0.0292,"0hr",0.2008,0.0108503456166152,0.1891,0.0446578473880385,3.37260214913972,-211.890497888339,0.0159167219991007,0.00257252318805978,-6.18720253833949,"Native","W64614","Leb2"
"W0148",4,0.0292,"4hr",0.207133333333333,0.0124227390073383,0.235233333333333,0.015738311359369,3.86640452586507,409.095409008057,0.00945110710296169,0.000791179867444848,11.9455859430353,"Native","W64614","Leb2"
"W0148",24,0.0292,"24hr",0.0532666666666667,0.00197005358077162,0.0392666666666667,0.00335675107474144,55.005948303533,-1221.01541968044,0.0450493477944192,0.00126352694528157,-35.6536502546689,"Native","W64614","Leb2"
"W0149",0,0.0339,"0hr",0.198466666666667,0.0383205920854281,0.1891,0.0446578473880385,2.31711636354848,-146.114675581221,0.0158582042107088,0.00320155133406945,-4.95328750220341,"Native","CRG20","CRG"
"W0149",4,0.0339,"4hr",0.221533333333333,0.00416826635958457,0.235233333333333,0.015738311359369,0.654895136018971,171.7995437907,0.00381197249753361,0.000654527735160454,5.82400453450474,"Native","CRG20","CRG"
"W0149",24,0.0339,"24hr",0.0624,0.0317626090448082,0.0392666666666667,0.00335675107474144,839.770595378807,-1737.8587776893,0.483221425215798,0.00820223110812982,-58.9134125636672,"Native","CRG20","CRG"
"W0152",0,0.031,"0hr",0.1784,0.018711226576577,0.1891,0.0446578473880385,2.5178137017432,182.528445437642,0.0137940894401764,0.00243781524592277,5.6583818085669,"Native","DEB27","DEB"
"W0152",4,0.031,"4hr",0.226933333333333,0.0114609966601707,0.235233333333333,0.015738311359369,0.324772265485538,113.819726009864,0.00285339173507932,0.00080869017969698,3.52841150630578,"Native","DEB27","DEB"
"W0152",24,0.031,"24hr",0.0300666666666667,0.0110297073598734,0.0392666666666667,0.00335675107474144,51.072697386687,755.791664384687,0.0675751001147476,0.00288418362083959,23.4295415959253,"Native","DEB27","DEB"
"W0153",0,0.0244,"0hr",0.119866666666667,0.0161732632589853,0.1891,0.0446578473880385,94.7136156829672,1500.49269909523,0.0631216771265052,0.00172406968867917,36.6120218579235,"Invasive","DCR19","DCR"
"W0153",4,0.0244,"4hr",0.167066666666667,0.00683430887345441,0.235233333333333,0.015738311359369,19.167945930939,1187.63604094992,0.0161395791892671,0.00055695359578806,28.9783193991781,"Invasive","DCR19","DCR"
"W0153",24,0.0244,"24hr",0.0675666666666667,0.00983468917206391,0.0392666666666667,0.00335675107474144,618.332101588009,-2953.74210247989,0.209338554327025,0.0029046032626294,-72.0713073005093,"Invasive","DCR19","DCR"
"W0154",0,0.0271,"0hr",0.2155,0.00518555686498567,0.1891,0.0446578473880385,19.4563030189755,-515.16115372682,0.0377674109901788,0.00270523387054652,-13.9608672659968,"Native","LIS18","LIS"
"W0154",4,0.0271,"4hr",0.1997,0.0365639622214734,0.235233333333333,0.015738311359369,13.9339790311094,557.401067846586,0.0249981204466305,0.00165489433388247,15.1055689386425,"Native","LIS18","LIS"
"W0154",24,0.0271,"24hr",0.0402333333333333,0.00587489952632762,0.0392666666666667,0.00335675107474144,0.387710939716998,-90.8413158834473,0.00426800224046122,0.00173369194457356,-2.46179966044142,"Native","LIS18","LIS"
"W0155",0,0.0355,"0hr",0.258533333333333,0.0357721648461171,0.1891,0.0446578473880385,142.114600887943,-1034.30383109516,0.137401212888738,0.00374208872164097,-36.717786003878,"Invasive","MLR20","MLR"
"W0155",4,0.0355,"4hr",0.1748,0.00117898261225517,0.235233333333333,0.015738311359369,9.29018883814519,723.684604438306,0.0128373448615172,0.000499686390996838,25.6908034575599,"Invasive","MLR20","MLR"
"W0155",24,0.0355,"24hr",0.0548,0.00127017059221718,0.0392666666666667,0.00335675107474144,54.4889542454419,-1114.32602405605,0.0488985746263978,0.00123610559892482,-39.5585738539898,"Invasive","MLR20","MLR"
"W0156",0,0.038,"0hr",0.129133333333333,0.0107641896015342,0.1891,0.0446578473880385,45.2587777277411,834.516221807825,0.0542335505829908,0.00171021085301449,31.7116164286974,"Invasive","BHI33-19","BHI"
"W0156",4,0.038,"4hr",0.179566666666667,0.0696933840316122,0.235233333333333,0.015738311359369,44.3057896329104,622.748596018884,0.0711455472017908,0.00300643189582657,23.6644466487176,"Invasive","BHI33-19","BHI"
"W0156",24,0.038,"24hr",-0.00656666666666666,0.0516465337118034,0.0392666666666667,0.00335675107474144,4716.00236580063,3071.66473058708,1.53532458111054,0.0131535444112598,116.723259762309,"Invasive","BHI33-19","BHI"
"W0157",0,0.0161,"0hr",0.140566666666667,0.000233333333333341,0.1891,0.0446578473880385,71.8255745435328,1594.12625786525,0.0450563901003155,0.00175552816647726,25.6654327516305,"Native","MUSs1-15","MUS"
"W0157",4,0.0161,"4hr",0.1825,0.00319739477283199,0.235233333333333,0.015738311359369,16.7483514088191,1392.38868591778,0.0120285029447648,0.000536568554242763,22.4174578432762,"Native","MUSs1-15","MUS"
"W0157",24,0.0161,"24hr",0.0257666666666667,0.0120909516214031,0.0392666666666667,0.00335675107474144,229.78400164265,2135.42270824326,0.107605862181585,0.00312986927530634,34.3803056027165,"Native","MUSs1-15","MUS"
"W0158",0,0.0303,"0hr",0.1789,0.029096563370955,0.1891,0.0446578473880385,2.60490678995299,178.018859527413,0.0146327574329386,0.00271279846134184,5.3939714436806,"Native","SAN28-01","SAN"
"W0158",4,0.0303,"4hr",0.172466666666667,0.00339329404037499,0.235233333333333,0.015738311359369,12.0141806911555,880.618032045517,0.0136428965271682,0.000511300694594934,26.6827263709792,"Native","SAN28-01","SAN"
"W0158",24,0.0303,"24hr",-0.186133333333333,0.182565945467506,0.0392666666666667,0.00335675107474144,507523.467528676,18944.6788481904,26.7897635845727,0.0466701294034703,574.02376910017,"Native","SAN28-01","SAN"
"W0160",0,0.0173,"0hr",0.1809,0.0214112120161377,0.1891,0.0446578473880385,2.74670816322329,250.654912377768,0.0109581262029433,0.00252705081094705,4.33632998413539,"Native","PI404356","Brazil"
"W0160",4,0.0173,"4hr",0.191566666666667,0.0139243591514216,0.235233333333333,0.015738311359369,16.0248739666269,1073.01322591188,0.0149344608059314,0.00080452282372105,18.5631288082755,"Native","PI404356","Brazil"
"W0160",24,0.0173,"24hr",0.0621333333333333,0.00197174485615603,0.0392666666666667,0.00335675107474144,282.840111686532,-3366.14424369707,0.0840249529461298,0.00144287747187377,-58.2342954159593,"Native","PI404356","Brazil"
"W0161",0,0.0406,"0hr",0.160066666666667,0.0183657592032323,0.1891,0.0446578473880385,12.9038202594986,378.163264065633,0.034122352659985,0.00222245817037996,15.3534285210647,"Native","LDSc3-10","LDS"
"W0161",4,0.0406,"4hr",0.1711,0.00407062648740952,0.235233333333333,0.015738311359369,9.45604234280997,671.519945608281,0.0140815509720183,0.000516494309820859,27.2637097916962,"Native","LDSc3-10","LDS"
"W0161",24,0.0406,"24hr",0.0684,0.0126064798152908,0.0392666666666667,0.00335675107474144,479.831370255212,-1827.4273001748,0.262572070697047,0.00353901486591672,-74.1935483870968,"Native","LDSc3-10","LDS"
"W0162",0,0.0465,"0hr",0.212166666666667,0.0710850507803465,0.1891,0.0446578473880385,14.7165857166912,-262.325408604046,0.0561004966884638,0.00459910574730716,-12.1981315000881,"Native","DEB28-04","DEB"
"W0162",4,0.0465,"4hr",0.342666666666667,0.0471209908403652,0.235233333333333,0.015738311359369,99.9260041642578,-982.171290307344,0.101739895220302,0.00222767123974455,-45.6709649992915,"Native","DEB28-04","DEB"
"W0162",24,0.0465,"24hr",0.0468,0.00381182371050918,0.0392666666666667,0.00335675107474144,11.1392293310956,-412.581923069902,0.0269988303128063,0.00140728416409229,-19.1850594227504,"Native","DEB28-04","DEB"
"W0163",0,0.0228,"0hr",0.157466666666667,0.0202512825382603,0.1891,0.0446578473880385,27.483497038294,733.700106073398,0.0374587611624859,0.00223923658666789,16.7283624184735,"Native","LIS22","LIS"
"W0163",4,0.0228,"4hr",0.1769,0.000838649708360612,0.235233333333333,0.015738311359369,13.6043192878918,1087.63477348607,0.0125081687525375,0.000504400839352328,24.7980728354825,"Native","LIS22","LIS"
"W0163",24,0.0228,"24hr",-0.0767333333333333,0.123046906141971,0.0392666666666667,0.00335675107474144,120114.647113776,12956.8403181128,9.27036562655354,0.0313807204255174,295.415959252971,"Native","LIS22","LIS"
"W0165",0,0.0382,"0hr",0.2157,0.0133814548287297,0.1891,0.0446578473880385,14.426866827185,-368.236424396632,0.0391782720865377,0.0027851921998362,-14.0666314119513,"Native","CDCc2-05","CDC"
"W0165",4,0.0382,"4hr",0.156433333333333,0.0343668606525401,0.235233333333333,0.015738311359369,44.8633865052405,876.928110442493,0.0511597084994832,0.00152721684805775,33.4986538189032,"Native","CDCc2-05","CDC"
"W0165",24,0.0382,"24hr",0.0407666666666667,0.00736032909892244,0.0392666666666667,0.00335675107474144,0.792260074473417,-100.00088889679,0.00792253032161642,0.00207394238196981,-3.82003395585739,"Native","CDCc2-05","CDC"
"W0166",0,0.0377,"0hr",0.178933333333333,0.0145954711392876,0.1891,0.0446578473880385,1.81264198300218,142.608596446194,0.0127106081132079,0.00236417310905666,5.37634408602151,"Native","HIG12-02","HIG"
"W0166",4,0.0377,"4hr",0.1783,0.00232450711621482,0.235233333333333,0.015738311359369,8.02783241658575,641.987243698433,0.0125046603267973,0.000516659179895835,24.2029190874309,"Native","HIG12-02","HIG"
"W0166",24,0.0377,"24hr",-0.0115333333333333,0.0482806149275025,0.0392666666666667,0.00335675107474144,5459.80705485071,3431.61317343157,1.59103219941045,0.0122981360295637,129.37181663837,"Native","HIG12-02","HIG"
"W0167",0,0.0282,"0hr",0.147366666666667,0.010889801549054,0.1891,0.0446578473880385,33.3066860023895,782.604673375064,0.0425587619592801,0.00192840141050316,22.0694517891768,"Invasive","ARC28","ARC"
"W0167",4,0.0282,"4hr",0.197933333333333,0.00312214313857931,0.235233333333333,0.015738311359369,5.15699321085402,562.290648488448,0.00917140134682494,0.000578396597895833,15.8565962873742,"Invasive","ARC28","ARC"
"W0167",24,0.0282,"24hr",-0.0756666666666667,0.0663107918148405,0.0392666666666667,0.00335675107474144,51547.9615523362,10379.4145624872,4.96636503359625,0.0169674536240614,292.699490662139,"Invasive","ARC28","ARC"
"W0168",0,0.0253,"0hr",0.1799,0.0101756244689618,0.1891,0.0446578473880385,2.16137657517705,192.29844719004,0.0112396985350644,0.00231024673150073,4.86515071390801,"Native","NARc3-03","NAR"
"W0168",4,0.0253,"4hr",0.2089,0.0202527364406229,0.235233333333333,0.015738311359369,5.18151909081976,442.472671711602,0.0117103708818361,0.00104607705459642,11.1945585943035,"Native","NARc3-03","NAR"
"W0168",24,0.0253,"24hr",-0.260433333333333,0.232457425014656,0.0392666666666667,0.00335675107474144,1369326.53432785,30167.6989873639,45.3904865233973,0.0594705740457813,763.242784380306,"Native","NARc3-03","NAR"
"W0419",0,0.0569,"0hr",0.148833333333333,0.00286201172448876,0.1891,0.0446578473880385,14.8609290110218,374.232830442478,0.0397103829545122,0.00186487584851778,21.293848052177,"Native","CDCc2-07-01","CDC"
"W0419",4,0.0569,"4hr",0.1782,0.00315013227235514,0.235233333333333,0.015738311359369,5.41588142576205,426.105976615722,0.0127101747522455,0.000524229709097582,24.2454300694346,"Native","CDCc2-07-01","CDC"
"W0419",24,0.0569,"24hr",0.0383,0.00030550504633039,0.0392666666666667,0.00335675107474144,0.089196008603251,43.2653718882501,0.00206160272546911,0.00083743724503538,2.46179966044143,"Native","CDCc2-07-01","CDC"
"W0420",0,0.0123,"0hr",0.178366666666667,0.0277987010088202,0.1891,0.0446578473880385,6.99059695570827,461.464159855772,0.015148732152662,0.00266890551248606,5.67600916622599,"Native","SAN30-01","SAN"
"W0420",4,0.0123,"4hr",0.1772,0.00236431808350738,0.235233333333333,0.015738311359369,25.4299296210308,2005.73495036353,0.0126786092132571,0.000513916974255917,24.6705398894714,"Native","SAN30-01","SAN"
"W0420",24,0.0123,"24hr",0.05785,0.00205,0.0392666666666667,0.00335675107474144,248.25708466217,-3847.6403439756,0.064521904977651,0.00136335074553673,-47.3259762308998,"Native","SAN30-01","SAN"
"W0421",0,0.0551,"0hr",0.187433333333333,0.0425939875778,0.1891,0.0446578473880385,0.0457981145088594,15.9957873494438,0.0028631359937685,0.00324851409852971,0.881367882954354,"Native","PI459130","Tur"
"W0421",4,0.0551,"4hr",0.180366666666667,0.0103376872547866,0.235233333333333,0.015738311359369,6.66948115612562,423.309596963486,0.0157555633133943,0.000675498239991636,23.3243587926881,"Native","PI459130","Tur"
"W0421",24,0.0551,"24hr",0.0813,0.00780000000000002,0.0392666666666667,0.00335675107474144,553.300775580038,-1942.75572427351,0.2848020307787,0.00266056139775819,-107.04584040747,"Native","PI459130","Tur"
"W0423",0,0.0528,"0hr",0.1702,0.0277760688363202,0.1891,0.0446578473880385,4.88821797865079,189.293783952695,0.0258234469013118,0.00258371101007305,9.99471179270227,"Native","HIG13-02","HIG"
"W0423",4,0.0528,"4hr",0.193133333333333,0.00294750365186844,0.235233333333333,0.015738311359369,3.41794279891971,338.960670900589,0.0100835969843892,0.000563419983522046,17.8971234235511,"Native","HIG13-02","HIG"
"W0423",24,0.0528,"24hr",0.0593666666666667,0.000982061324177083,0.0392666666666667,0.00335675107474144,65.3290786657816,-969.478314554715,0.0673858070727322,0.00131642588278074,-51.188455008489,"Native","HIG13-02","HIG"
"W0424",0,0.0202,"0hr",0.216733333333333,0.0144178515890699,0.1891,0.0446578473880385,29.7271552725651,-723.41977719718,0.0410925388129975,0.00281203827124409,-14.613079499383,"Native","LDSc3-13","LDS"
"W0424",4,0.0202,"4hr",0.178033333333333,0.00382288430958149,0.235233333333333,0.015738311359369,15.5665928195955,1203.77632208452,0.012931466198504,0.000531802779503745,24.3162817061074,"Native","LDSc3-13","LDS"
"W0424",24,0.0202,"24hr",0.0744666666666667,0.0139743018112216,0.0392666666666667,0.00335675107474144,1555.74568648731,-4437.7952226462,0.350567254331225,0.00391068395456613,-89.6434634974533,"Native","LDSc3-13","LDS"
"W0425",0,0.0049,"0hr",0.1734,0.0403344765678197,0.1891,0.0446578473880385,42.7596791544333,1694.3847872306,0.0252361089858002,0.00303958484663363,8.30248545742994,"Native","NARc3-05","NAR"
"W0425",4,0.0049,"4hr",0.1936,0.00379868398264451,0.235233333333333,0.015738311359369,36.6834999470312,3611.98751854433,0.0101560428320126,0.000573828617017718,17.6987388408672,"Native","NARc3-05","NAR"
"W0425",24,0.0049,"24hr",0.0567,0.00376873099774093,0.0392666666666667,0.00335675107474144,628.995871690397,-9060.67010845086,0.0694204583283232,0.00156361950116185,-44.3972835314092,"Native","NARc3-05","NAR"
"W0426",0,0.0241,"0hr",0.1842,0.022118845660055,0.1891,0.0446578473880385,0.719002632107871,107.51956746414,0.00668717935781944,0.00258070533992583,2.59122157588577,"Native","DEB32","DEB"
"W0426",4,0.0241,"4hr",0.193133333333333,0.00226003933102452,0.235233333333333,0.015738311359369,7.41157177671372,742.619229192991,0.00998031223183908,0.000557648958195474,17.8971234235511,"Native","DEB32","DEB"
"W0426",24,0.0241,"24hr",0.0620333333333333,0.00778381511713747,0.0392666666666667,0.00335675107474144,334.575842309814,-2405.79363010659,0.13907088210845,0.00239861638541368,-57.9796264855688,"Native","DEB32","DEB"
"W0478",0,0.0012,"0hr",0.1441,0.0156353232564387,0.1891,0.0446578473880385,934.605061851168,19830.7773664728,0.0471290179189482,0.00198046606410513,23.7969328397673,"Native","SAN31-01","SAN"
"W0478",4,0.0012,"4hr",0.1638,0.00542862781925599,0.235233333333333,0.015738311359369,399.528331303161,25305.8428983043,0.015787987497936,0.000519905869215747,30.3670114779651,"Native","SAN31-01","SAN"
"W0478",24,0.0012,"24hr",0.0561666666666667,0.00247812653250618,0.0392666666666667,0.00335675107474144,2124.10314276345,-35865.8743633277,0.0592235148443869,0.00137604142971771,-43.0390492359932,"Native","SAN31-01","SAN"
"W0480",0,0.0115,"0hr",0.163866666666667,0.018165932706886,0.1891,0.0446578473880385,35.0039195741429,1160.33997808076,0.0301669512689206,0.00226072806537103,13.3439097479288,"Native","HIG15-02","HIG"
"W0480",4,0.0115,"4hr",0.1687,0.00165227116418583,0.235233333333333,0.015738311359369,33.7336012517904,2459.4759443291,0.013715767917784,0.000484930732443895,28.2839733597846,"Native","HIG15-02","HIG"
"W0480",24,0.0115,"24hr",0.0481333333333333,0.00117236702633793,0.0392666666666667,0.00335675107474144,48.3104084840689,-1963.53436185133,0.0246038008922437,0.00108959689665651,-22.5806451612903,"Native","HIG15-02","HIG"
"W0513",0,0.0055,"0hr",0.146166666666667,0.0115305873416945,0.1891,0.0446578473880385,180.37538397959,4128.00666634617,0.0436955166400557,0.00192457038741487,22.7040366649039,"Native","CDCc2-06-02","CDC"
"W0514",0,0.0169,"0hr",0.161833333333333,0.0311081089821359,0.1891,0.0446578473880385,32.0597723228236,853.205832256396,0.0375756600702529,0.00260595011709713,14.4191785651331,"Native","HIG13-01","HIG"
"W0514",4,0.0169,"4hr",0.167733333333333,0.00491675141169904,0.235233333333333,0.015738311359369,25.3765636936587,1697.92383742526,0.0149456431050169,0.000520846436504219,28.6949128524869,"Native","HIG13-01","HIG"
"W0514",24,0.0169,"24hr",0.0724333333333333,0.00328447526673254,0.0392666666666667,0.00335675107474144,753.55380578052,-4997.94054711124,0.150772863077786,0.00178502947442847,-84.4651952461799,"Native","HIG13-01","HIG"
"W0515",0,0.0181,"0hr",0.138233333333333,0.0245528228745925,0.1891,0.0446578473880385,86.3540766655844,1486.15181147882,0.0581058247203268,0.00216012020732906,26.8993477877666,"Native","NARc3-05","NAR"
"W0515",4,0.0181,"4hr",0.1622,0.00166433169770933,0.235233333333333,0.015738311359369,24.8556786051672,1715.3142093936,0.0144904522267989,0.000466723511476585,31.0471871900241,"Native","NARc3-05","NAR"
"W0515",24,0.0181,"24hr",0.0588333333333333,0.00254580264575067,0.0392666666666667,0.00335675107474144,196.940188887043,-2753.05086812558,0.0715352524601659,0.0014355796831018,-49.830220713073,"Native","NARc3-05","NAR"
"W0516",0,0.004,"0hr",0.172666666666667,0.00306449198254966,0.1891,0.0446578473880385,40.8276600029684,2172.57183148246,0.0187923176630296,0.0021624506714476,8.69028732592986,"Native","DEB31","DEB"
"W0516",4,0.004,"4hr",0.165633333333333,0.0036671211839504,0.235233333333333,0.015738311359369,108.600961347712,7396.91086864107,0.0146819345638085,0.000496218449314158,29.5876434745643,"Native","DEB31","DEB"
"W0516",24,0.004,"24hr",0.0595666666666667,0.00828941761792976,0.0392666666666667,0.00335675107474144,1655.41450783608,-12924.4482173175,0.128083959949484,0.00247755180329216,-51.69779286927,"Native","DEB31","DEB"
"W0517",0,0.0181,"0hr",0.166666666666667,0.00441751564167514,0.1891,0.0446578473880385,16.2857457916234,655.426061025717,0.0248475713128295,0.00209450627128799,11.8632117045655,"Invasive","ARC29-01","ARC"
"W0517",4,0.0181,"4hr",0.1686,0.00276465790529919,0.235233333333333,0.015738311359369,21.8872796658045,1564.99913490543,0.0139854899454159,0.000493724875161582,28.3264843417883,"Invasive","ARC29-01","ARC"
"W0517",24,0.0181,"24hr",0.0633333333333333,0.00213645604786161,0.0392666666666667,0.00335675107474144,307.63390596446,-3386.20566743896,0.0908491498087677,0.00148227560214305,-61.2903225806452,"Invasive","ARC29-01","ARC"
"W0518",0,0.0121,"0hr",0.2102,0.0636689092100689,0.1891,0.0446578473880385,43.929895946367,-922.158462661323,0.0476381204804938,0.00426936899661676,-11.158117398202,"Native","MUSs2-05","MUS"
"W0518",4,0.0121,"4hr",0.166533333333333,0.000825294560209319,0.235233333333333,0.015738311359369,33.4795866546849,2413.64005260588,0.0138709939862569,0.000474951987195609,29.2050446365311,"Native","MUSs2-05","MUS"
"W0518",24,0.0121,"24hr",0.0624333333333333,0.0031487210807635,0.0392666666666667,0.00335675107474144,453.977885578353,-4875.89274439097,0.0931066184957802,0.00157812369191409,-58.9983022071308,"Native","MUSs2-05","MUS"
"W0520",0,0.0239,"0hr",0.144933333333333,0.0207273035176096,0.1891,0.0446578473880385,48.2982430173152,977.248907878249,0.0494226625662625,0.00211603596028986,23.3562488982902,"Native","PI458758","Chi"
"W0520",4,0.0239,"4hr",0.1845,0.00752684086010415,0.235233333333333,0.015738311359369,11.9617300442872,902.394903899686,0.0132555381159565,0.000614614536690571,21.5672382032025,"Native","PI458758","Chi"
"W0520",24,0.0239,"24hr",0.0697666666666667,0.00315506647227035,0.0392666666666667,0.00335675107474144,433.763385695739,-3249.95915351884,0.133467334574371,0.00171830076643289,-77.6740237691002,"Native","PI458758","Chi"
"W0522",0,0.0231,"0hr",0.134266666666667,0.0105214595523203,0.1891,0.0446578473880385,64.307114630989,1255.28153026831,0.0512292366934162,0.00176670796207751,28.997003349198,"Native","W65319","Gre"
"W0522",4,0.0231,"4hr",0.200533333333333,0.00111703973867441,0.235233333333333,0.015738311359369,5.3913341683798,638.584881180885,0.00844262732686378,0.000572330653656847,14.7513107552784,"Native","W65319","Gre"
"W0522",24,0.0231,"24hr",0.0642,0.0026,0.0392666666666667,0.00335675107474144,269.944333673461,-2748.80750262754,0.0982041606825601,0.00154658424176545,-63.4974533106961,"Native","W65319","Gre"
"W0600",0,0.019,"0hr",0.128866666666667,0.00248819434753621,0.1891,0.0446578473880385,86.2261847449103,1676.45448894579,0.0514336567520733,0.00161473787910632,31.85263528997,"Native","NARc3-03","NAR"
"W0600",4,0.019,"4hr",0.2032,0.00492172056636023,0.235233333333333,0.015738311359369,5.99901219439301,716.720240448081,0.0083700889912674,0.000614648470461749,13.6176845685135,"Native","NARc3-03","NAR"
"W0600",24,0.019,"24hr",0.0319333333333333,0.0300205670240328,0.0392666666666667,0.00335675107474144,140.923750489701,982.932713787865,0.143370699248204,0.00767684925974472,18.6757215619694,"Native","NARc3-03","NAR"
"W0601",0,0.031,"0hr",0.158266666666667,0.00292365828676639,0.1891,0.0446578473880385,17.0029785189282,525.977607569529,0.0323264303921543,0.00198257123907774,16.3053058346554,"Native","DEB28-03","DEB"
"W0601",4,0.031,"4hr",0.198766666666667,0.00960838753959847,0.235233333333333,0.015738311359369,5.40689914258944,500.075422710006,0.0108121673192584,0.000697453974149966,15.5023381040102,"Native","DEB28-03","DEB"
"W0601",24,0.031,"24hr",0.0696333333333334,0.00943845561754912,0.0392666666666667,0.00335675107474144,548.249080052902,-2494.66016758859,0.21976904396676,0.00284179949278643,-77.3344651952462,"Native","DEB28-03","DEB"
"W0603",0,0.0102,"0hr",0.127266666666667,0.00518469971272312,0.1891,0.0446578473880385,169.067097425124,3205.75965270649,0.0527385442893036,0.0016128612493435,32.6987484576062,"Invasive","ARC27","ARC"
"W0603",4,0.0102,"4hr",0.207766666666667,0.00117945373419693,0.235233333333333,0.015738311359369,7.9269844926092,1144.7401689881,0.00692470196063472,0.000593053661847078,11.6763497236786,"Invasive","ARC27","ARC"
"W0603",24,0.0102,"24hr",0.0474666666666667,0.00277208305150557,0.0392666666666667,0.00335675107474144,53.5070517005273,-2047.338460002,0.0261349321306039,0.0012515020345468,-20.8828522920204,"Invasive","ARC27","ARC"
"W0604",0,0.0038,"0hr",0.1052,0.0376102379678725,0.1891,0.0446578473880385,1234.81381767046,11675.8050599794,0.10575834482737,0.00238365947638328,44.3680592279217,"Native","MUSs2-02","MUS"
"W0604",4,0.0038,"4hr",0.206433333333333,0.00356946930384771,0.235233333333333,0.015738311359369,23.9212520656563,3221.88495185818,0.00742461398314676,0.000606429408322531,12.2431628170611,"Native","MUSs2-02","MUS"
"W0604",24,0.0038,"24hr",0.0552333333333333,0.00219570287404993,0.0392666666666667,0.00335675107474144,577.006153937925,-10700.5629523724,0.0539229717638356,0.00132612235360748,-40.6621392190153,"Native","MUSs2-02","MUS"
"W0605",0,0.026,"0hr",0.181066666666667,0.0200218491764483,0.1891,0.0446578473880385,1.73313710417042,163.392045993844,0.0106072305639389,0.00249688045598446,4.24819319583994,"Native","LDSc3-09","LDS"
"W0605",4,0.026,"4hr",0.2416,0.0021548395145192,0.235233333333333,0.015738311359369,0.195314989224289,-104.097404650047,0.00187627145826446,0.000693238098480224,-2.70653252090123,"Native","LDSc3-09","LDS"
"W0605",24,0.026,"24hr",0.0713333333333333,0.00570681853380478,0.0392666666666667,0.00335675107474144,545.563013705716,-3140.91680814941,0.173695467606847,0.00212695697339777,-81.6638370118846,"Native","LDSc3-09","LDS"
"W0606",0,0.0555,"0hr",0.187766666666667,0.0185456493849935,0.1891,0.0446578473880385,0.0227687108154659,12.7044019164592,0.00179219068832889,0.00254177444372242,0.705094306363485,"Native","LIS21","LIS"
"W0606",4,0.0555,"4hr",0.220383333333333,0.00500069439622583,0.235233333333333,0.015738311359369,0.475273129981436,113.745600496344,0.00417838692580211,0.000661882750513704,6.31288082754712,"Native","LIS21","LIS"
"W0606",24,0.0555,"24hr",0.0426666666666667,0.00612898396509931,0.0392666666666667,0.00335675107474144,2.45366383908765,-156.01339879778,0.0157272635427168,0.00181634475032552,-8.65874363327677,"Native","LIS21","LIS"
"W0607",0,0.0175,"0hr",0.2226,0.000321455025366424,0.1891,0.0446578473880385,49.8558947288247,-1012.31396842185,0.0492494386959293,0.00278002055444783,-17.7154944473823,"Invasive","MEL30","MEL"
"W0607",4,0.0175,"4hr",0.222666666666667,0.00211686350790765,0.235233333333333,0.015738311359369,1.04318363511538,305.26933743598,0.00341725652460643,0.000639670538306303,5.34221340512965,"Invasive","MEL30","MEL"
"W0607",24,0.0175,"24hr",0.0424,0.0124005376227538,0.0392666666666667,0.00335675107474144,11.9714199572761,-455.978656318215,0.0262543428105582,0.00329017189689761,-7.97962648556876,"Invasive","MEL30","MEL"
"W0608",0,0.0149,"0hr",0.297266666666667,0.0780112028991848,0.1891,0.0446578473880385,1218.71248879085,-3838.97822843872,0.317457515065534,0.00554988130344153,-57.200775603737,"Native","PI368959","Chile"
"W0608",4,0.0149,"4hr",0.236366666666667,0.0115190180908694,0.235233333333333,0.015738311359369,0.0129569889085779,-32.3349751258455,0.000400711268777855,0.000831711595225078,-0.481791129375098,"Native","PI368959","Chile"
"W0608",24,0.0149,"24hr",0.0879666666666667,0.018408361626657,0.0392666666666667,0.00335675107474144,5227.89917928853,-8323.74289262884,0.628070718512719,0.00506411571805601,-124.02376910017,"Native","PI368959","Chile"
"W0609",0,0.0353,"0hr",0.198133333333333,0.026880620859232,0.1891,0.0446578473880385,1.8447647835471,-135.326173530101,0.0136319880731481,0.00285366303833833,-4.77701392561256,"Native","CDCc2-04","CDC"
"W0609",4,0.0353,"4hr",0.279533333333333,0.0383767435362153,0.235233333333333,0.015738311359369,18.2337303915788,-533.494759989579,0.0341778996890896,0.00181484904519116,-18.8323650276321,"Native","CDCc2-04","CDC"
"W0609",24,0.0353,"24hr",-0.0359333333333333,0.0565953570926489,0.0392666666666667,0.00335675107474144,14997.1396304432,5425.24180321955,2.76432648984295,0.0144342934620346,191.51103565365,"Native","CDCc2-04","CDC"
"W0610",0,0.0118,"0hr",0.2086,0.0384064230739252,0.1891,0.0446578473880385,29.7680453049753,-873.898663607275,0.0340634979141619,0.00330328587465027,-10.3120042305658,"Invasive","BHI33-22","BHI"
"W0610",4,0.0118,"4hr",0.166166666666667,0.00127845392738434,0.235233333333333,0.015738311359369,34.7547617628196,2488.21340993316,0.0139677575983136,0.000475726184224416,29.3609182372113,"Invasive","BHI33-22","BHI"
"W0610",24,0.0118,"24hr",0.0463333333333333,0.0264908999050198,0.0392666666666667,0.00335675107474144,187.228851299769,-1525.13596731029,0.122762071915439,0.00682140192058431,-17.9966044142615,"Invasive","BHI33-22","BHI"
"W0611",0,0.0088,"0hr",0.2851,0.0650370151016583,0.1891,0.0446578473880385,1449.81463160564,-5768.95341570117,0.25131328460024,0.00495034813728182,-50.7667900581703,"Native","SAN27-01","SAN"
"W0611",4,0.0088,"4hr",0.157133333333333,0.00748695161226813,0.235233333333333,0.015738311359369,68.7276891674303,3772.84965282698,0.01821638694665,0.000548668556049975,33.2010769448774,"Native","SAN27-01","SAN"
"W0611",24,0.0088,"24hr",0.021,0.0147732867026942,0.0392666666666667,0.00335675107474144,932.017341598037,5286.30961568143,0.176307747626677,0.00378997311504061,46.5195246179966,"Native","SAN27-01","SAN"
"W0613",0,0.0076,"0hr",0.197033333333333,0.0496411903340137,0.1891,0.0446578473880385,8.33271244485639,-552.014621429298,0.0150950937192225,0.00359808683483822,-4.19531112286267,"Native","HIG12-01","HIG"
"W0613",4,0.0076,"4hr",0.187633333333333,0.00233333333333334,0.235233333333333,0.015738311359369,29.2447680061962,2662.52992549391,0.0109838269707978,0.000542807191407002,20.2352274337537,"Native","HIG12-01","HIG"
"W0613",24,0.0076,"24hr",-0.0669,0.066236168367441,0.0392666666666667,0.00335675107474144,162854.105094722,35575.4624251631,4.57770873498282,0.0169310545990887,270.373514431239,"Native","HIG12-01","HIG"
"W0747",0,0.0073,"0hr",0.162866666666667,0.0296259083311288,0.1891,0.0446578473880385,67.6854428916285,1900.37403804129,0.0356169056915721,0.00256740414216376,13.8727304777014,"Native","CRG18","CRG"
"W0747",4,0.0073,"4hr",0.175433333333333,0.00328954573020517,0.235233333333333,0.015738311359369,45.8747619851386,3482.40647098674,0.0131732933439387,0.000518193596032192,25.4215672382032,"Native","CRG18","CRG"
"W0747",24,0.0073,"24hr",0.0378,0.00556447062471654,0.0392666666666667,0.00335675107474144,3.13180542533364,511.663604437521,0.00612082899423045,0.00163871285345533,3.7351443123939,"Native","CRG18","CRG"
"W0748",0,0.0168,"0hr",0.186733333333333,0.0292976297865734,0.1891,0.0446578473880385,0.261040009323519,74.4965710592369,0.0035040540203649,0.00279978851514506,1.25154239379518,"Native","LIS17","LIS"
"W0748",4,0.0168,"4hr",0.177466666666667,0.00690177110924757,0.235233333333333,0.015738311359369,20.9572459034689,1461.73674230922,0.0143372231790255,0.0005838302595175,24.5571772707949,"Native","LIS17","LIS"
"W0748",24,0.0168,"24hr",0.0389333333333333,0.00729299511708172,0.0392666666666667,0.00335675107474144,0.0875716583147505,50.5295496806537,0.00173307814671222,0.00204156605682698,0.848896434634983,"Native","LIS17","LIS"
"W0749",0,0.0354,"0hr",0.211133333333333,0.0378483964139977,0.1891,0.0446578473880385,12.6955195207702,-329.143599227583,0.0385713699144186,0.00331036885816183,-11.6516834126564,"Native","HIG10-01","HIG"
"W0749",4,0.0354,"4hr",0.108833333333333,0.05420972647454,0.235233333333333,0.015738311359369,189.650674052801,1517.90625007505,0.124942284178238,0.00232520490360185,53.7338812526569,"Native","HIG10-01","HIG"
"W0749",24,0.0354,"24hr",-0.0145,0.0272281716854682,0.0392666666666667,0.00335675107474144,3676.36737109375,3867.99420640174,0.950458344795132,0.00694135108598057,136.926994906621,"Native","HIG10-01","HIG"
"W0750",0,0.0264,"0hr",0.188866666666667,0.012738437022562,0.1891,0.0446578473880385,0.00141469605176458,4.67392059142513,0.000302678666462585,0.00245299439263148,0.123391503613623,"Native","CDCc2-01","CDC"
"W0750",4,0.0264,"4hr",0.155133333333333,0.0133144449544262,0.235233333333333,0.015738311359369,31.5201913911474,1289.82184033906,0.0244376319312919,0.000717671113354668,34.0512965849511,"Native","CDCc2-01","CDC"
"W0750",24,0.0264,"24hr",0.0408333333333333,0.00090246575804539,0.0392666666666667,0.00335675107474144,0.553652052253417,-151.129289499408,0.00366343317094457,0.000918196654334618,-3.98981324278438,"Native","CDCc2-01","CDC"
"W0751",0,0.0195,"0hr",0.165333333333333,0.0156179739758751,0.1891,0.0446578473880385,18.0145224065049,644.528513380973,0.0279499231337446,0.00222384171020664,12.568306010929,"Native","SAN20-02","SAN"
"W0751",4,0.0195,"4hr",0.2389,0.0577545092034668,0.235233333333333,0.015738311359369,0.317411734159461,-79.9351798359879,0.00397086407775313,0.00254748979970034,-1.55873600680176,"Native","SAN20-02","SAN"
"W0751",24,0.0195,"24hr",0.0327666666666667,0.00277208305150557,0.0392666666666667,0.00335675107474144,14.1030666935173,848.896434634974,0.0166134125649634,0.00100362051289881,16.553480475382,"Native","SAN20-02","SAN"
"W0752",0,0.0119,"0hr",0.186433333333333,0.00329915814177564,0.1891,0.0446578473880385,0.390176941652652,118.503244766971,0.00329254226261829,0.00233482403197918,1.41018861272696,"Native","CAM19","CAM"
"W0752",4,0.0119,"4hr",0.2065,0.00961786532102283,0.235233333333333,0.015738311359369,8.97253223909584,1026.45564389848,0.00874127615005178,0.000715628605463057,12.2148221623919,"Native","CAM19","CAM"
"W0752",24,0.0119,"24hr",0.0491666666666667,0.00214579692525748,0.0392666666666667,0.00335675107474144,64.1967714622428,-2118.67429484527,0.0303004438286873,0.0012018155835082,-25.2122241086587,"Native","CAM19","CAM"
"W0753",0,0.0202,"0hr",0.181466666666667,0.0178200573636687,0.1891,0.0446578473880385,1.97987312765297,199.834896234203,0.00990754450280092,0.00245438864473317,4.03666490393091,"Native","DEB26","DEB"
"W0753",4,0.0202,"4hr",0.204833333333333,0.00347099089278232,0.235233333333333,0.015738311359369,4.96889992655173,639.769234114852,0.00776670658980095,0.000600982986888436,12.92333852912,"Native","DEB26","DEB"
"W0753",24,0.0202,"24hr",0.0163666666666667,0.0119169813478265,0.0392666666666667,0.00335675107474144,514.501308552151,2887.08836927835,0.17820767595027,0.00305572987291729,58.3191850594228,"Native","DEB26","DEB"
"W0422",0,0.0119,"0hr",0.151066666666667,0.00831912121427365,0.1891,0.0446578473880385,65.8536474916522,1690.15252848892,0.038963138759156,0.00193722950202184,20.1128150890182,"Native","MUSs2-06","MUS"
"W0422",4,0.0119,"4hr",0.185033333333333,0.00599731421369414,0.235233333333333,0.015738311359369,22.3795909268759,1793.32041729828,0.0124794156755276,0.000584775806256299,21.3405129658495,"Native","MUSs2-06","MUS"
"W0422",24,0.0119,"24hr",0.0760666666666667,0.014626953810612,0.0392666666666667,0.00335675107474144,3008.79988376318,-7875.47616669758,0.382046725820371,0.00407654930268475,-93.7181663837012,"Native","MUSs2-06","MUS"
"W0427",0,0.0249,"0hr",0.183666666666667,0.0380677612218586,0.1891,0.0446578473880385,1.01184686916132,115.391939696031,0.00876878291349252,0.00305185923118055,2.87325929843117,"Native","W65323","Fra"
"W0427",4,0.0249,"4hr",0.1932,0.00237135685491098,0.235233333333333,0.015738311359369,7.16384386713537,717.621797947067,0.0099827567774966,0.000558670218705737,17.868782768882,"Native","W65323","Fra"
"W0427",24,0.0249,"24hr",-0.0221333333333333,0.0859410909350766,0.0392666666666667,0.00335675107474144,21496.6793411152,6279.78808272138,3.42315362524136,0.0218918293731505,156.366723259762,"Native","W65323","Fra"
"W0475",0,0.0176,"0hr",0.153533333333333,0.031101036067058,0.1891,0.0446578473880385,50.7752336535279,1068.65855808214,0.047513055755293,0.0025261627488264,18.8083906222457,"Native","W65326","Fra2"
"W0475",4,0.0176,"4hr",0.192433333333333,0.000581186525805423,0.235233333333333,0.015738311359369,10.3052824056705,1033.78978963505,0.00996845055831759,0.000547876601168593,18.1947002975769,"Native","W65326","Fra2"
"W0475",24,0.0176,"24hr",0.0547,0.0013076696830622,0.0392666666666667,0.00335675107474144,108.534466837391,-2233.1764161136,0.0486009372364205,0.00123654220441692,-39.3039049235993,"Native","W65326","Fra2"
"W0476",0,0.0163,"0hr",0.180933333333333,0.0402833436767329,0.1891,0.0446578473880385,3.55340459660925,264.951081378915,0.0134115497023672,0.0031054580188379,4.31870262647631,"Native","DEB32-02","DEB"
"W0476",4,0.0163,"4hr",0.2022,0.00176729548557487,0.235233333333333,0.015738311359369,7.01674420883767,861.521128131925,0.00814459910467012,0.000579984216767478,14.0427943885504,"Native","DEB32-02","DEB"
"W0476",24,0.0163,"24hr",0.0641333333333333,0.00965786956033496,0.0392666666666667,0.00335675107474144,695.847111963294,-3885.13337569136,0.179105076885415,0.00282822762159543,-63.3276740237691,"Native","DEB32-02","DEB"
"W0479",0,0.015,"0hr",0.172333333333333,0.00485054407028508,0.1891,0.0446578473880385,11.3596762326914,591.104060168048,0.0192177266206933,0.00216743863060026,8.86656090252071,"Native","CDCc2-09","CDC"
"W0479",4,0.015,"4hr",0.1659,0.00229419557434263,0.235233333333333,0.015738311359369,27.9052679243631,1964.95205705918,0.0142015006544878,0.00048182687557077,29.4742808558878,"Native","CDCc2-09","CDC"
"W0479",24,0.015,"24hr",0.000966666666666671,0.0447882549088238,0.0392666666666667,0.00335675107474144,7234.34243683599,6502.5466893039,1.1125398682236,0.0114061963861393,97.5382003395586,"Native","CDCc2-09","CDC"
